Date,Time,Location,Type
01/19/1930,18:23,"Oceanside, California",Ford 5-AT-C Tri Motor
03/31/1931,10:45,"Bazaar, Kansas",Fokker F10A Trimotor
08/31/1934,23:42,"Amazonia, Missouri",Stinson  SM-6000B
05/06/1935,03:30,"Atlanta, Missouri",Douglas DC-2-112
08/14/1935,23:45,"Near Gilmer, Texas",Stinson Model A
10/07/1935,02:19,"Near Cheyenne, Wyoming",Boeing 247D
01/14/1936,19:32,"Goodwin, Arkansas",Douglas DC-2-120
04/07/1936,10:20,"Uniontown, Pennsylvania",Douglas DC-2-112
12/15/1936,03:14,"Near Salt Lake City, Utah",Boeing 247D
12/19/1936,20:47,"Near Milford, Pennsylvania",Douglas DC-2-112
12/27/1936,19:38,"Newhall, California",Boeing 247-D
01/12/1937,11:07,"Near Newhall, California",Boeing 247B
02/09/1937,20:50,"Off San Francisco, California",Douglas DC-3A
03/25/1937,18:40,"Clifton, Pennsylvania",Douglas DC-2-112
05/06/1937,19:25,"Lakehurst, New Jersey",Zeppelin LZ-129
08/10/1937,04:40,"Daytona Beach, Florida",Douglas DC-2
10/17/1937,21:00,"Haydens Peak, Wyoming",Douglas DC-3
01/10/1938,15:07,"Bozeman, Montana",Lockheed 14H Super Electra
01/11/1938,19:40,"Pago Pago, U.S. Samoa",Sikorsky S-42 (flying boat)
03/01/1938,21:30,"Near Wawona, Cailifornia",Douglas DC-2-112
05/24/1938,22:17,"Cleveland, Ohio",Douglas DST-A-207A
07/29/1938,04:11,PacifiOcean between Manila and Guam,Martin M-130 (flying boat)
11/29/1938,05:30,"Off Point Reyes, California",Douglas DC 3-A-SB-3-G-14
01/13/1939,21:15,"Miles City, Montana",Lockheed 14-H Super Electra
03/26/1939,14:48,"Oklahoma City, Oklahoma",Douglas DC-2-112
08/31/1940,14:41,"Near Lovettsville, Virginia",Douglas DC-3
11/04/1940,04:42,"Near Centerville, Utah",Douglas DC-3
12/04/1940,17:48,"Chicago, Illinois",Douglas DC-3A
01/23/1941,04:13,"Near Robertson, Missouri",Douglas DC-3-3
02/26/1941,11:50,"Atlanta, Georgia",Douglas DC-3
10/03/1941,17:48,"San Juan, Puerto Rico",Sikorsky S-42B (flying boat)
10/30/1941,02:04,"Near Moorhead, Minnesota",Douglas DC-3
10/30/1941,22:10,"St. Thomas, Ontario, Canada",Douglas DC-3
01/16/1942,19:23,"Near Las Vegas, Nevada",Douglas DC-3
05/01/1942,23:00,"Salt Lake City, Utah",Douglas DST-A-207A
05/12/1942,11:51,"Miles City, Montana",Douglas DC-3-A-269
10/03/1942,19:05,"Botwood, Newfoundland",Sirkorsky 44A (flying boat)
10/23/1942,17:15,"Palm Springs, California",Douglas DC-3 / Boeing B-34
12/15/1942,01:22,"Fairfield, Utah",Douglas DC-3A
01/21/1943,07:30,"Ukiah, California",Martin M-130 (flying boat)
01/22/1943,15:15,"Near Chaparra, Peru",Douglas DC-3A
02/22/1943,06:47,"Lisbon, Portugal",Boeing B-314 (flying boat)
06/01/1943,11:00,Off the coast of France,Douglas DC-3
07/28/1943,22:43,"Trammel, Kentucky",Douglas DC-3
10/15/1943,23:17,"Near Centerville, Tennessee",Douglas DC3-G102
02/10/1944,23:36,"Memphis, Tennessee",Douglas DC-3
08/08/1944,13:20,"Off Antilla, Cuba",Sikorsky S-42 (flying boat)
11/04/1944,17:15,"Hanford, California",Douglas DC-3
12/01/1944,00:54,"Van Nuys, California",Douglas DC-3
01/08/1945,21:16,"Port of Spain, Trinidad",Martin M-130 (flying boat)
01/10/1945,04:10,"Burbank, California",Douglas DC-3
02/23/1945,02:25,"Marion, Virginia",Douglas DC-3
04/14/1945,16:58,"Morgantown, West Virginia",Douglas DC-3
07/12/1945,14:36,"Near Florence, South Carolina",Douglas DC-3-201C /  Army A-26
08/03/1945,10:11,"Fort de France, Martinique",Sikorsky S-43 (flying boat)
09/07/1945,02:13,"Florence, South Carolina",Douglas DC-3
10/05/1945,01:05,"Lakeland, Florida",Lockheed 18 Lodestar
12/30/1945,21:13,"New York City, New York",Douglas DC-3
01/06/1946,03:59,"Birmingham, Alabama",Douglas DC-3
01/18/1946,11:03,"Cheshire, Connecticut",Douglas DC-3-201E
01/31/1946,02:47,"Mt. Elk, Wyoming",Douglas DC-3-194H
03/03/1946,08:12,"Live Oak Springs, California",Douglas DC-3-227B
08/21/1946,04:19,"Moline, Illinois",Douglas C-47-DL
09/05/1946,02:00,"Elko, Nevada",Douglas DC-3 (C-47-A5-DL)
10/08/1946,04:33,"Cheyenne, Wyoming",Douglas DC-4
10/17/1946,00:57,"Laramie, Wyoming",Douglas DC-3
11/11/1946,03:30,"Cleveland, Ohio",Douglas DC-3 (C-53D-DO)
11/13/1946,03:41,"Lebec, California",Douglas C-53D-DO (DC-3)
12/24/1946,19:19,"Near San Diego, California",Douglas DC-3 ( C-53D-DO)
12/28/1946,09:19,"Michigan City, Indiana",Douglas DC-3 (C-50A-DO)
12/28/1946,02:09,"Near Shannon, Ireland",Lockheed 049 Consellation
01/12/1947,01:38,"Near Galax, Virginia",Douglas DC-3
04/28/1947,23:13,"Near Vancouver, British Columbia, Canada",Lockheed 18 Loadstar
05/29/1947,19:05,"La Guardia Airport, Queens, New York",Douglas C-54B
05/30/1947,17:41,"Port Deposit, Maryland",Douglas C-54B-15-DO
06/13/1947,18:16,"Leesburg, Virginia",Douglas DC-4 (C-54-DO)
06/19/1947,23:40,"Al Mayadin, Syria",Lockheed 049-46-21 Constellation
10/08/1947,07:55,"Near El Paso, Texas",Douglas DC-4
10/24/1947,12:29,"Bryce Canyon, Utah",Douglas DC-6
10/26/1947,13:45,"Annette Island, Alaska",Douglas DC-4A
10/26/1947,17:20,"Near Mt. Hymettus, Greece",Douglas DC-4-1009
11/30/1947,14:25,"Seattle, Washington",Douglas C-54A
01/13/1948,04:36,"Oxon Hill, Maryland",Douglas DC-3-201F
03/10/1948,22:58,"Chicago, Illinois",Douglas DC-4
03/12/1948,21:14,"Mt. Sanford, Alaska",Douglas DC-4 (C-54G-1-DO)
04/15/1948,02:35,"Shannon, Ireland",Lockheed L-049-46 Constellation
06/17/1948,12:41,"Mount Carmel, Pennsylvania",Douglas DC-6
08/29/1948,17:05,"Near Winona, Minnesota",Martin 202
10/27/1948,16:50,"Near Edmonton, Alberta, Canada",Douglas C-54A
01/20/1949,20:05,"Homer, Alaska",Douglas DC-3C
07/12/1949,07:43,"Chatsworth, California",Curtiss C-46E-1-CS
07/30/1949,10:45,"Chesterfield, New Jersey",Douglas DC-3 -201D/ F-6-F- 5 Hellcat
11/01/1949,11:45,"Arlington, Virginia",Douglas C-54B / P-38
11/29/1949,05:49,"Dallas, Texas",Douglas DC-6
12/12/1949,20:45,"Washington, D.C.",Douglas DC-3-313A
03/07/1950,20:59,"Minneapolis, Minnesota",Martin 202
06/23/1950,23:25,"Lake Michigan, 18 NNW of Benton Harbor, Michigan",Douglas DC-4
08/31/1950,00:03,"Near Wadi Natrun, Egypt",Lockheed 749A Constellation
09/04/1950,14:10,"Utica, New York",Douglas DC-3
11/03/1950,09:43,"Mont Blanc, France",Lockheed 749 Constellation
11/06/1950,08:15,"Butte, Montana",Martin 202
12/22/1950,13:53,"Penticton, British Columbia, Canada",Douglas DC-3
01/14/1951,14:13,"Philadelphia, Pennsylvania",Douglas DC-4-1009
01/16/1951,12:14,"Near Reardon, Washington",Martin 202
03/02/1951,09:12,"Sioux City, Iowa",Douglas DC-3
04/06/1951,20:30,"Refugio Pass, near Santa Barbara, California",Douglas DC-3
04/25/1951,11:49,"Key West, Florida",Douglas DC-4 /Beechcraft SMB-1
04/28/1951,19:32,"Fort Wayne, Indiana",Douglas DC-3
06/22/1951,03:25,"Near Sanoyea, Liberia",Lockheed 049 Constellation
06/30/1951,02:00,"Rocky Mountain Nat. Park, near Ft. Collins, Colorado",Douglas DC-6B
08/24/1951,04:28,"Decoto, California",Douglas DC-6B
11/05/1951,09:29,"Near Tucumcari, Arazona",Martin 202
12/29/1951,22:25,"Near Little Valley, New York",Curtiss C-46A-50-CU
12/30/1951,22:07,"Near Fairbanks, Alaska",Curtiss C 46F-CU
01/19/1952,01:38,"Off Sandspit, BC, Canada",Douglas DC-4
01/22/1952,15:43,"Elizabeth, New Jersey",Convair CV-240-0
01/07/1953,20:55,"Issaquah, Washington",Douglas C-54B-10-DO
04/11/1952,12:20,"North of San Juan, Puerto Rico",Douglas DC-4
04/18/1952,03:34,"Near Whittier, California",Curtiss C-46F-1CU
04/29/1952,04:40,"Near Carolina, Brazil",Boeing 377-10-26 Stratocruiser
05/26/1952,08:45,"Near Atar, Mauritania",Handley Page HP-81 Hermes IV
07/27/1952,11:46,"Off Rio de Janeiro, Brazil",Boeing 377 Stratocruiser
01/07/1953,04:12,"Fish Haven, Idaho",Curtiss C-46
02/14/1953,17:10,"Off Mobile, Alabama",Douglas DC-6
03/20/1953,18:38,"Alvarado, California",Douglas DC-4  (C-54-10-DO)
04/20/1953,23:08,"San Francisco Bay, California",Douglas DC-6B
05/02/1953,16:35,"Near Jalalogori, West Bengal, India",de Havilland DH106 Comet 1
05/17/1953,14:15,"Near Marshall, Texas",Douglas DC-3
07/12/1953,08:41,"PacifiOcean, 325 miles east of Wake Island",Douglas DC-6A
09/16/1953,08:34,"Albany, New York",Convair CV-240-0
10/19/1953,00:56,"New York City, New York",Lockheed 749A Constellation
10/29/1953,08:44,"Near Half Moon Bay, California",Douglas DC-6
01/10/1954,09:50,"Off Elba, Italy",de Havilland DH106 Comet 1
02/26/1954,10:32,"Wright, Wyoming",Convair CV-240
04/08/1954,19:10,"Off Stromboli, Italy",de Havilland DH106 Comet 1
08/22/1954,17:03,"Near Mason City, Iowa",Douglas DC-3
09/05/1954,02:30,"Foynes, Ireland",Lockheed 1049C-55-81 S Constellation
11/30/1954,11:15,"Berlin, New Hampshire",Douglas DC-3
12/18/1954,14:00,"New York, New York",Douglas DC-6B
12/22/1954,23:00,"Pittsburgh, Pennsylvania",Douglas DC-3
01/19/1955,16:25,"Des Moines, Iowa",Convair CV-340
02/19/1955,07:31,"Albuquerque, New Mexico",Martin 404
02/23/1955,09:20,"Salisbury,  Zimbabwe",Douglas DC-3
03/20/1955,22:36,"Springfield, Mississippi",Convair CV-240-0
03/26/1955,11:12,Off the Oregon coast,Boeing 377 Stratocruiser 10-26
07/17/1955,06:24,"Chicago, Illinois",Convair CV-340-32
07/27/1955,07:40,"Near Petrich, Bulgaria",Lockheed 049 Constellation
10/06/1955,07:26,"Near Centennial, Wyoming",Douglas DC-4
11/01/1955,19:03,"Longmont, Colorado",Douglas DC-6B
11/17/1955,23:59,"Seattle, Washingon",Douglas C-54
12/21/1955,03:43,"Jacksonville, Florida",Lockheed 749C-79-12 Constellation
04/01/1956,19:20,"Pittsburgh, Pennsylvania",Martin 404
04/02/1956,08:10,"Seattle, Washington",Boeing 377 Stratocruiser 10-30
04/09/1956,09:51,"Skilak Lake, Alaska",Aero Commander  520
06/30/1956,10:32,"Grand Canyon, Arizona",Douglas DC-7 / Lockheed S Constellation
07/09/1956,13:53,"Near Flat Rock, Michigan",Vickers Viscount
08/29/1956,20:45,"Cold Bay, Alaska",Douglas DC-6B
10/02/1956,18:25,"Near Nome, Alaska",Stinson AT-19
10/16/1956,06:15,Over the PacifiOcean,Boeing  377 Stratocruiser
11/27/1956,07:50,"Caracas, Venezuela",Lockheed 749-79-34 Constellation
12/09/1956,19:15,"Near Chilliwack, British Columbia, Canada",Canadair DC-4M-2 Northstar
01/06/1957,00:01,"Owasso, Oklahoma",Convair CV-240-0
02/01/1957,18:02,"New York, New York",Douglas DC-6A
03/02/1957,17:19,"Blyn, Washington",Douglas C-54B
04/10/1957,15:20,"Anchieta Island, Brazil",Douglas DC-3
05/09/1957,19:04,"Barajas, Madrid, Spain",Bristol 170 Freighter
06/14/1957,23:10,"Near Moscow, Russia",Ilyushin P-14
07/16/1957,03:36,"Near Biak, Indonesia",Lockheed 1049C Super Constellation
07/25/1957,03:37,"Daggett, California",Convair CV-240
09/15/1957,20:46,"New Bedford, Massachusett",Douglas DC-3
11/09/1957,16:27,"900 miles E of Honolulu, Hawaii, PacifiOcean",Boeing - 377-10-29 Stratocruiser
02/06/1958,14:17,"Munich, Germany",Airspeed Ambassador A5-57
04/06/1958,23:19,"Freeland, Michigan",Vickers Viscount 745D
04/07/1958,09:00,"Mt. Illiniza, Ecuador",Douglas DC-3
04/21/1958,08:30,"Near Sloan, 10 miles SW of Las Vegas, Nevada",Douglas DC-7 / F-100F
05/20/1958,11:29,"Brunswick, Maryland",Vickers Viscount 745D / T-33A
08/14/1958,03:45,"North AtlantiOcean, 100 miles W of Galway Bay, Ireland",Lockheed 1049H Super Constellation
10/22/1958,11:50,"Anzio, Italy",Vickers Viscount 701C
11/01/1958,02:01,"Nipe Bay, Cuba",Vickers Viscount 755D
12/26/1958,12:52,"Salisbury, Zimbabwe",Douglas DC-6B
01/08/1959,20:32,"Mt. Holston, Tennessee",Douglas DC-3
01/22/1959,15:00,"Dabouk, Jordan",Convair CV-240-2
02/03/1959,01:00,"Mason City, Iowa",Beechcraft Bonanza 35
02/03/1959,23:56,"La Guardia Airport, New York, NY",Lockheed  188A Electra
05/12/1959,15:29,"Charleston, West Virginia",Lockheed C-69 Constellation
05/12/1959,16:13,"Chase, Maryland",Vickers Viscount 745D
06/26/1959,17:35,"Near Varese, Lombardia, 20 miles NW of Milan, Italy",Lockheed 1649A Starliner
08/15/1959,16:42,"Calverton, New York",Boeing 707-123
09/24/1959,17:20,"Great Sitkin Island, Alaska",Douglas C-54B
09/29/1959,23:09,"Buffalo, Texas",Lockheed 188A Electra
10/26/1959,20:18,"Santa Maria, California",Douglas C-47A-DL
10/29/1959,15:25,"Athens, Greece",Douglas DC-3
10/30/1959,20:40,"Waynesborough, Virginia",Douglas DC-3
11/04/1959,23:07,"St. Cleophas, Quebec, Canada",Douglas C-54A
11/16/1959,00:55,Gulf of Mexico,Douglas DC-7B
11/24/1959,05:35,"Chicago, Illinois",Lockheed L-1049H Super Constellation
12/01/1959,09:47,"Willamsport, Pennsylvania",Martin 202
01/06/1960,02:38,"Wilmington/Bolivia, North Carolina",Douglas DC-6B
01/18/1960,22:19,"Charles City, Virginia",Vickers Viscount 745D
01/19/1960,18:47,"Ankara, Turkey",Sud Aviation Caravelle 1
03/17/1960,15:25,"Near Cannelton, 10 mile SE of Tell City, Indiana",Lockheed 188C Electra
03/19/1960,11:10,"Cordoba, Colombia",Curtiss C-46
04/19/1960,20:48,"Bogota, Colombia",Curtiss C-46
06/14/1960,04:47,"Mt. Gilbert, Alaska",Lockheed 749A-79-32 Constellation
07/14/1960,04:30,"Off Manila, Philippines",Douglas DC-7C
07/15/1960,09:40,"Near Jima, Ethiopia",Douglas DC-3
08/29/1960,06:50,"Off Dakar, Senegal",Lockheed 1049G Super Constellation
09/19/1960,06:02,"Agana, Guam, Mariana Islands",Douglas DC-6AB
09/26/1960,23:40,"Moscow, Russia",Vickers Viscount 837
09/29/1960,12:15,"Off Elba, Italy",Vickers Viscount 739B
10/04/1960,17:40,"Boston, Massachusett",Lockheed 188A Electra
10/28/1960,11:39,"Near Missoula, Montana",Douglas C-54A-DC
04/03/1961,23:57,"Llico, Chile",Douglas DC-3
05/10/1961,02:30,"Stah, Algeria",Lockheed 1649A Starliner
12/16/1960,10:33,"Staten Island / Brooklyn, New York",MD DC-8-11 / Lockheed  1049 S Const
12/22/1960,12:31,"Cebu City, Philippines",Douglas DC-3
01/03/1961,07:40,"Koivulahti, Finland",Douglas DC-3
01/19/1961,20:25,"New York, New York (Idlewild)",McDonnell Douglas DC-8-21
01/24/1961,02:48,"Mt. Burangrang, Indonesia",Douglas DC-3
02/03/1961,23:55,"Off Surabaya, Indonesia",Douglas DC-3
02/15/1961,10:05,"Near Brussels, Belgium",Boeing B-707-320
05/30/1961,01:20,"Near Lisbon, Portugal",McDonnell Douglas DC-8-53
06/12/1961,04:11,"Cairo, Egypt",Lockheed L-188C Electra
07/11/1961,11:36,"Denver, Colorado",McDonnell Douglas DC-8-12
09/01/1961,02:05,"Near Hinsdale, Illinois",Lockheed 049 Constellation
09/12/1961,22:09,"Near Rabat, Morrocco",Sud-Aviation Caravelle III
09/17/1961,08:57,"Chicago, Illinois",Lockheed 188C  Electra
11/08/1961,21:24,"Near Richmond, Virginia",Lockheed C-69 Constellation
03/01/1962,10:09,"Jamaica Bay, New York, New York",Boeing B-707-123B
03/04/1962,18:20,"Douala, Cameroon",Douglas DC-7C
03/15/1962,01:14,"Adak, Alaska",Lockheed 1049H Super Constellation
03/15/1962,00:30,"Western PacifiOcean, Philippine Sea",Lockheed 1049H Super Constellation
05/22/1962,21:21,"Near Unionville, Missouri",Boeing B-707-124
06/22/1962,04:01,"Basse-Terre, Guadaloupe, West Indies",Boeing B-707-328
07/07/1962,23:59,"Near Junnar, Maharashtra, India",McDonnell Douglas DC-8-43
07/19/1962,15:45,"Near Bangkok, Thailand",de Havilland Comet 4C
07/22/1962,23:19,"Honolulu, Hawaii",Bristol Britannia 314
09/23/1962,21:00,North AtlantiOcean,Lockheed 1049H-82 Super Constellation
10/19/1962,20:52,"Windsor Locks, Connecticut",Convair CV-340/440
11/23/1962,12:24,"Ellicott, Maryland",Vickers Viscount 745D
11/23/1962,14:10,"Le Bourget, France",Ilyushin IL-18D
11/27/1962,03:40,"Lima, Peru",Boeing B-707-441
11/30/1962,21:45,"New York, New York",Douglas DC-7B
12/06/1962,17:00,"Barranca Bermeja, Colombia",Douglas C-47
12/14/1962,22:12,"Burbank, California",Lockheed 1049H Super Constellation
01/17/1963,15:53,"Great Salt Lake, Utah",Fairchild F-27
01/29/1963,22:44,"Kansas City, Missouri",Vickers Viscount 812
02/01/1963,17:15,"Ankara, Turkey",Vickers Viscount 754D
02/12/1963,13:48,"Near Miami, Florida",Boeing B-720-051B
03/02/1963,10:02,"Near Davao City, Philippines",Douglas DC-3
03/05/1963,18:20,"Camden, Tennesee",Piper PA-24-250 Comanche
03/15/1963,13:55,"Near Charana, Bolivia",Douglas DC-6B
06/03/1963,10:16,"PacifiOcean, 116 miles WSW of Annette Island, Alaska",Douglas DC-7CF
07/02/1963,15:49,"Rochester, New York",Martin 404
07/03/1963,09:09,"Mt. Ngatamahinerua, New Zealand",Douglas DC-3
07/27/1963,01:50,"Off Bandra, Maharashtra, India",de Havilland Comet 4C
08/12/1963,13:19,"Lyon, France",Vickers Viscount 708
09/04/1963,06:22,"Durrenasch, Aargau, Switzerland",Sud-Aviation Caravelle III
10/14/1963,11:33,"Jamaica, New York",Boeing Vetrol 107 II helicopter
11/08/1963,17:59,"Mariehamn, Aaland Island, Finland",Douglas DC-3
11/29/1963,18:33,"Ste. Therese de Blainville, Canada",McDonnell Douglas DC-8F-54F
12/08/1963,20:59,"Elkton, Maryland",Boeing B-707-121
02/03/1964,08:00,"Gainsville, Florida",Beech D18S
02/21/1964,16:00,"Marawi, Philippines",Douglas DC-3
02/25/1964,02:06,"Lake Pontchartrain, New Orleans, Louisiana",McDonnell Douglas DC-8-21
02/27/1964,06:15,"Oita, Japan",Convair CV-240-0
02/29/1964,14:14,"Near Innsbruck, Austria",Bristol Britannia 312
03/01/1964,11:29,"Near Zephyr Cove, Nevada",Lockheed 049 Constellation
03/10/1964,08:22,"Boston, Massachutes",Douglas DC-4
03/12/1964,20:50,"Miles City, Montana",Douglas DC-3C
03/28/1964,22:39,"Mt. Vesuvius, Italy",Vickers Viscount 785D
03/28/1964,06:00,North PacifiOcean,Douglas C-54A-10-DC
05/07/1964,06:49,"San Ramon, California",Fairchild F-27A
11/23/1964,13:09,"Rome, Italy",Boeing B-707-331
07/09/1964,18:15,"Parrottsville, Tennesee",Vickers Viscount 745D
11/15/1964,20:25,"Las Vegas, Nevada",Fairchild F-27A
02/06/1965,08:36,"San Jose Volcano, Chile",Douglas DC-6B
02/08/1965,18:26,"Off Jones Beach, New York, New York",Douglas DC-7B
03/08/1965,10:30,"Libmanan, Philippines",Douglas DC-3
03/17/1965,09:22,"Musquodoboit, Canada",Handley Page HPR-7 Herald 211
03/22/1965,14:55,"Sugar Loaf Mountain, Colombia",Douglas C-47
04/23/1965,14:23,"Near Seattle, Washington",Douglas DC-6A
05/20/1965,23:48,"Cairo, Egypt",Boeing B-720-040B
07/01/1965,05:29,"Kansas City, Missouri",Boeing B-707-124
07/08/1965,16:40,"Dog Creek, British Columbia, Canada",Douglas DC-6B
07/11/1965,22:22,"Off Nantucket, Massachusetts",EC-121H (Super Constellation)
08/16/1965,20:21,"Lake Michigan, near Chicago, Illinois",Boeing B-727-22
09/11/1965,16:25,"Near La Carlota, Phillipines",Douglas DC-3A
09/17/1965,11:25,"Montserrat, Antigua",Boeing B-707-121B
10/20/1965,10:33,"Near Manila, Philippines",Douglas DC-3
11/08/1965,19:02,"Cincinnati Airport, near Covington, Kentucky",Boeing B-727-23
11/11/1965,17:52,"Salt Lake City, Utah",Boeing B-727-22
11/27/1965,07:15,"Salt Lake City , Utah",Douglas C-53-DO (DC-3A)
12/04/1965,16:18,"Carmel, New York",Boeing B-707-131B / L1049C Constellation
01/15/1966,20:55,"Off Cartagena, Colombia",Douglas DC-6-54B
01/24/1966,08:02,"Mont Blanc, French Alps, Switzerland",Boeing B-707-437
01/28/1966,17:50,"Bremen, Germany",Convair CV-440-0
02/04/1966,19:00,"Tokyo Bay, Japan",Boeing B-727-81
03/04/1966,20:15,"Near Tokyo, Japan",McDonnell Douglas DC-8-43
03/05/1966,14:15,"Near Gotemba City, Mt. Fuji, Japan",Boeing B-707-436
03/18/1966,18:40,"Cairo, Egypt",Antonov AN-24B
04/22/1966,20:30,"Near Ardmore, Oklahoma",Lockheed 188C Electra
04/27/1966,08:05,"Tomas, Peru",Lockheed 749A Constellation
06/29/1966,12:04,"Sagalyan, Philippines",Douglas DC-3
08/06/1966,23:12,"Near Falls City, Nebraska",BAC One-Eleven 203AE
09/01/1966,00:47,"Near Ljubljana, Slovenia, Yugoslavia",Bristol Britannia 102
09/22/1966,13:03,"Winton, Australia",Vickers Viscount 832
10/01/1966,19:10,"Near Wemme, Oregon",McDonnell Douglas DC-9-14
11/11/1966,01:43,"Off Chatham, Massachusetts",Lockheed EC-121H
11/13/1966,20:30,"Off Matsuyama, Japan",NAMC-YS-11-111
11/24/1966,16:30,"Near Bratislava, Czechoslovakia",Ilyushin IL-18B
12/24/1966,09:56,"Cascubel River, Colombia",Douglas C-47A-80-DL
02/16/1967,14:21,"Menado, Indonesia",Lockheed L-188C Electra
02/28/1967,04:20,"Mactan, Philippines",Fokker F-27 Friendship 100
03/04/1967,02:56,"Monrovia, Liberia",McDonnell Douglas DC-8-33
03/05/1967,20:07,"Near Marseille, Ohio",Convair CV-380
03/09/1967,11:54,"Urbana, Ohio",MD Douglas DC-9-15 / Beechcraft Baron-55
03/13/1967,17:10,"Off East London, South Africa",Vickers Viscount 818
03/30/1967,00:45,"New Orleans, Louisiana",McDonnell Douglas DC-8-51
04/25/1967,19:05,"Off Nantucket, Massachusetts",EC-121H (Super Constellation)
06/23/1967,13:47,"Blossburg, Pennsylvania",BAC One Eleven 204AF
07/06/1967,18:43,"Bacolod, Philippines",Fokker F-27 Friendship 100
07/19/1967,11:01,"Near Hendersonville, North Carolina",Boeing B-727-22 / Cessna 310
09/05/1967,05:10,"Near Gander, Newfoundland, Canada",Ilyushin IL-18
10/12/1967,07:25,"Off Rhodes, Greece",de Havilland Comet 4B
11/05/1967,10:35,"Hong Kong, China",Convair CV-880-22M-3
11/06/1967,18:41,"Cincinnati, Ohio",Boeing B-707-131
11/20/1967,20:57,"Cincinnati International Airport, Covington/Hebron, Kentucky",Convair CV-880-22-1
12/10/1967,15:25,"Near Madison, Wisconsin",Beechcraft 18H
12/25/1967,13:49,"Chiang Mai, Thailand",Douglas DC-3
02/16/1968,21:20,"Linkuo, Taiwan",Boeing B-727-92C
03/06/1968,20:32,"Basse-Terre, Guadeloupe, West Indies",Boeing B-707-328C
03/08/1968,19:18,"Off Panay Island, Philippines",Fairchild F-27
03/24/1968,10:59,"Off Wexford Harbor, Ireland",Vickers Viscount 803
04/08/1968,15:35,"Heathrow Airport, London, England",Boeing B-707-465
04/20/1968,18:50,"Near Windhoek, South Africa (Namibia)",Boeing B-707-344C
05/03/1968,15:48,"Near Dawson, Texas",Lockheed L188A Electra
08/10/1968,07:57,"Charleston, West Virginia",Fairchild-Hiller FH-227B
09/11/1968,10:30,"Off Cap d'Antibes, France",Sud-Aviation Caravelle 3
10/25/1968,17:17,"Hanover, New Hampshire",Fairchild-Hiller FH227C
11/22/1968,01:24,"San Francisco, California",McDonnell Douglas DC-8-62
11/23/1968,19:59,"Santa Ana, California",de Havilland Canada DHC-6 Twin Otter 200
12/02/1968,09:36,"Pedro Bay, Alaska",Fairchild F-27B
12/12/1968,22:02,"Near Caracas, Venezuela",Boeing B-707-321B
12/24/1968,20:12,"Bradford, Pennsylvania",Convair CV-580
12/27/1968,20:22,"Chicago, Illinois",Convair CV-580
12/31/1968,08:30,"Port Hedland, WA, Australia",Vickers Viscount 720
01/02/1969,20:12,"Mt. Paku, Taiwan",Douglas DC-3D
01/05/1969,02:35,"Gatwick Airport, Horley, Surrey,  England",Boeing B-727-113C
01/06/1969,20:35,"Near Bradford, Pennsylvania",Convair CV-580
01/13/1969,19:21,"Off Los Angeles, California",McDonnell Douglas DC-8-62
01/18/1969,18:21,"Off Los Angeles, California",Boeing B-727-22QC
02/18/1969,05:10,"Near Lone Pine, California",Douglas DC-3
03/16/1969,12:00,"Maracaibo, Zulia, Venezuela",McDonnell Douglas DC-9-32
06/04/1969,08:42,"Near Salinas Victoria, Nuevo Leon, Mexico",Boeing B-727-64
07/06/1969,20:22,"Near Monroe, Georgia",Beechcraft B-99
08/31/1969,20:05,"Newton, Iowa",Cessna 172H
09/09/1969,14:29,"Near Fairland, Indiana",MD Douglas DC-9-31/Piper Cherokee PA-28
09/17/1969,17:09,"Campbell River, Canada",Convair CV-640
11/19/1969,20:20,"Mt. Pilot Knob, Glen Falls, New York",Fairchild-Hiller FH-227B
11/20/1969,08:30,"Near Ikeja, Nigeria",BAC VC-10-1101
01/13/1970,06:00,"Faleolo, Western Samoa",Douglas DC-3
02/10/1970,18:37,"Long Island Sound, Connecticut",de Havilland Canada DHC-6 Twin Otter 100
02/21/1970,13:34,"Zurich, Switzerland",Convair CV-990-30A-6
05/02/1970,15:49,"Near St. Croix, US Virgin Islands",McDonnell Douglas DC-9-33CF
05/09/1970,21:28,"Pellston, Michigan",Gates Learjet 23
05/30/1970,09:30,"Chamblee, Georgia",Martin 404
07/05/1970,08:09,"Toronto, Canada",McDonnell Douglas DC-8-63
07/27/1970,11:35,"Tokyo, Japan",McDonnell Douglas DC-8-63AF
09/08/1970,16:06,"New York, New York",McDonnell Douglas DC-8-63CF
10/02/1970,12:00,"Mt. Trelease, near Silver Plume, Colorado",Martin 404
11/14/1970,19:36,"Near Huntington, West Virginia",McDonnell Douglas DC-9-31
11/27/1970,17:05,"Anchorage, Alaska",McDonnell Douglas DC-8-63CF
12/28/1970,14:42,"St. Thomas, Virgin Islands",Boeing B-727-2A7
01/09/1971,16:20,"Edison, New Jersey",Boeing B-707-323 / Cessna 150
01/18/1971,15:49,"Zurich, Switzerland",Ilyushin IL-18
03/31/1971,06:33,"Ontario, California",Boeing B-720-047B
05/23/1971,20:00,"Near Rijeka, Yugoslavia",Tupolev TU-134A
06/06/1971,17:11,"Near Duarte, California",McDonnell Douglas DC-9-31 / F4-B
06/07/1971,08:49,"New Haven, Connecticut",Convair CV-580
07/03/1971,18:10,"Hokkaido, Japan",NAMC YS-11A-227
07/30/1971,14:00,"Near Morioko, Japan",Boeing B-727-281 / Air Force F86F
07/30/1971,14:29,"San Francisco, California",Boeing B-747-121
09/04/1971,11:15,"Near Juneau, Alaska",Boeing B-727-193
10/02/1971,11:10,"Near Aarsele, West Vlaanderen, Belgium",Vickers Vanguard 951
12/24/1971,12:36,"Near Puerto Inca, Huanuco, Peru",Lockheed 188A Electra
01/07/1972,22:00,"Sierra de Atalayasa, Spain",Sud-Aviation Caravelle VI-R
01/26/1972,16:10,"Near Hermsdorf, Czechoslovakia",McDonnell Douglas DC-9-32
03/03/1972,20:48,"Albany, New York",Fairchild-Hiller FH-227-B
03/14/1972,22:00,"Near Al Fujayrah, United Arab Emirates",Aerospatiale Caravelle Super 10B
04/18/1972,09:39,"Addis Ababa, Ethiopia",BAC Super VC-10 1154
05/05/1972,22:24,"Near Carini, Sicily, Italy",McDonnell Douglas DC-8-43
05/30/1972,06:24,"Dallas/Ft. Worth, Texas",McDonnell Douglas DC-9-14
06/14/1972,20:20,"Near New Delhi, India",McDonnell Douglas DC-8-53
06/15/1972,14:00,"Near Pleiku, Vietnam",Convair CV-880-22M-21
06/18/1972,16:11,"London Heathrow,  Staines, Surrey, England",Hawker Siddeley Trident 1C
06/24/1972,23:17,"Ponce, Puerto Rico",de Havilland DH-114 Heron 2B
06/29/1972,09:37,"Appleton, Wisconsin",Convair CV-580/De Hav. Twin Otter 100
10/27/1972,19:20,"Near Noiretable, Loire, France",Vickers Viscount 724
11/28/1972,19:51,"Near Moscow, Russia",McDonnell Douglas DC-8-62
12/08/1972,14:28,"Chicago, Midway Airport, Illinois",Boeing B-737-222
12/20/1972,18:00,"Chicago, Illinois",Convair CV-880 / McDonnell DC-9-31
12/29/1972,23:42,"Everglades National Park, Florida",Lockheed L-1011 TriStar1
02/21/1973,14:10,"Near Isma'iliya, Egypt",Boeing B-727-224
03/03/1973,12:45,"Moscow, Russia",Ilyushin IL-18V
03/05/1973,13:50,"Near Nantes, France",MD Douglas DC-9-32/Convair CV-990A
07/11/1973,14:03,"Paris, Orly, France",Boeing B-707-345C
07/22/1973,22:07,"Off Papeete, Tahiti",Boeing B-707-321B
07/23/1973,16:43,"St. Louis, Missouri",Fairchild-Hiller FH-227B
07/31/1973,10:08,"Logan Airport, Boston, Massachusett",McDonnell Douglas DC-9-31
10/13/1973,20:15,"Near  Domodedovo, Russia",Tupolev TU-104B
08/13/1973,11:40,"Near La  Corunda, Spain",Sud-Aviation Caravelle 10-R
08/28/1973,20:50,"Thirty-five miles west of Los Angeles, California",Boeing B-707-331B
09/20/1973,22:45,"Natchitoches, Louisiana",Beechcraft E18S
09/27/1973,19:52,"Rich Mountain, Arkansas",Convair 600
11/03/1973,16:40,"Near Albuquerque,  New Mexico",McDonnell Douglas DC-10-10
11/03/1973,09:39,"Boston, Massachusett",Boeing B-707-321C
12/17/1973,13:00,"Rome, Italy",Boeing B-707-321B
01/30/1974,23:41,"Pago Pago, American Samoa",Boeing B-707-321B
03/03/1974,11:41,"Near Ermenonville, France",McDonnell Douglas DC-10-10
03/13/1974,19:28,"Bishop, California",Convair CV-440
04/22/1974,15:26,"Grogak, Bali, Indonesia",Boeing B-707-321C
06/08/1974,17:30,"Monte San Isidro,  Colombia",Vickers Viscount 785D
09/08/1974,09:40,"Ionian Sea , off Kefallinia, Greece",Boeing B-707-331B
09/11/1974,07:34,"Near Charlotte, North Carolina",McDonnell Douglas DC-9-31
09/15/1974,11:00,"Phan Rang, Vietnam",Boeing B-727-121C
11/20/1974,07:50,"Near Nairobi, Kenya",Boeing B-747-130
12/01/1974,19:26,"Bear Mountain,  Thiells, New York",Boeing B-727-251
12/01/1974,11:10,"Near Berryville, Virginia",Boeing B-727-231
01/09/1975,16:07,"Whittier, California",de Hav Can. DHC-6 Tw Otter 100/ Cessna
06/24/1975,16:05,"JFK Airport, New York, New York",Boeing B-727-225
08/07/1975,16:11,"Denver, Colorado",Boeing B-727-224
08/20/1975,01:15,"Near Damascus, Syria",Ilyushin IL-62
08/30/1975,13:57,"Near Gambell, Alaska",Fairchild F-27B
01/01/1976,05:30,"Near Al Qaysumah, Saudi Arabia",Boeing B-720B-023B
04/05/1976,08:19,"Ketchikan, Alaska",Boeing B-727-81
04/27/1976,15:10,"St. Thomas, Virgin Islands",Boeing B-727-95
05/09/1976,16:30,"Near Cuneca, Spain",Boeing B-747-131F
06/04/1976,14:48,"Agana, Guam",Lockheed 188A Electra
09/09/1976,14:50,"Off Adler, Russia",Antonov AN-24 / Yakovlev Yak-40
09/10/1976,10:15,"Near Gaj, Hrvatska, Yugoslavia",McDonnell Douglas DC-9-31 / Trident 3B
10/06/1976,13:24,"Off Bridgetown, Barbados",McDonnell Douglas DC-8-43
12/12/1976,23:26,"Cape May, New Jersey",de Havilland Canada DHC-6 Twin Otter 300
12/25/1976,03:45,"Near Bangkok, Thailand",Boeing B-707-366C
01/13/1977,18:15,"Near Alma Ata,  Kazakastan, USSR",Tupolev TU-104A
03/27/1977,17:07,"Tenerife, Canary Islands",Boeing B-747-121 / Boeing B-747-206B
04/04/1977,16:19,"New Hope, Georgia",McDonnell Douglas DC-9-31
09/06/1977,14:52,"Mt. Iliamna, Alaska",de Havilland Canada DHC-6 Twin Otter 200
11/19/1977,21:48,"Near Funchal, Island of Madeira, Portugal",Boeing B-727-282
12/04/1977,20:15,"Straits of Johore, near Kampung Ladang, Malaysia",Boeing B-737-2H6
12/13/1977,19:22,"Evansville, Indiana",Douglas DC-3
01/01/1978,20:15,"Off Bandra, Maharashtra, India",Boeing B-747-237B
02/10/1978,16:50,"Richland, Washington",Beechcraft 99
02/11/1978,12:55,"Cranbrook, British Columbia, Canada",Boeing B-737-275
03/01/1978,09:25,"LAX, Los Angeles, California",McDonnell Douglas DC-10-10
05/08/1978,21:20,"Pensacola, Florida",Boeing B-727-235
06/26/1978,08:08,"Toronto, Canada",McDonnell Douglas DC-9-32
09/03/1978,17:30,"Near Kariba, Rhodesia (Zimbabwe)",Vickers Viscount 782D
09/25/1978,09:02,"San Diego, California",Boeing B-727-214 / Cessna 172
12/04/1978,19:45,"Near Steamboat Springs, Coloado",de Havilland Canada DHC-6 Twin Otter 300
12/23/1978,00:39,"Near Cinisi, Sicily, Italy",McDonnell Douglas DC-9-32
12/28/1978,18:15,"Portland, Oregon",McDonnell Douglas DC-8-61
02/12/1979,13:00,"Clarksburg, West Virginia",Nord 262
03/06/1979,18:55,"Near Probolinggo, Indonesia",Fokker F-28 Fellowship 1000
03/10/1979,17:52,"Off Marina del Rey, California",Aerospatiale Nord 262A-33
05/25/1979,15:04,"Chicago O'Hare, Illinois",McDonnell Douglas DC-10-10
05/30/1979,20:55,"Rockland, Maine",de Havilland DHC-6-200
06/17/1979,22:48,"Hyannis, Massachusetts",de Havilland Canada DHC-6 Twin Otter 300
07/24/1979,09:22,"St. Croix, Virgin Islands",de Havilland DH-114 Heron
08/11/1979,13:35,"Dneprodzerzhinsk, Ukraine, USSR",Tupolev TU-134A / Tupolev Tu-134A
09/14/1979,20:47,"Near Klamath Falls, Oregon",Douglas DC-7
10/31/1979,05:42,"Mexico City, Mexico",McDonnell Douglas DC-10-10
11/26/1979,02:03,"Near At Ta'if, Jeddah, Saudi Arabia",Boeing B-707-340C
11/28/1979,12:49,"Near Mt. Erebus, Ross Ice Shelf, Antarctica",McDonnell Douglas DC-10-30
03/14/1980,11:00,"Near Warsaw, Poland",Ilyushin IL-62
04/25/1980,13:21,"Tenerife, Canary Islands",Boeing B-727-64
04/27/1980,06:55,"Don Muang, Thailand",Hawker Siddeley HS-748-2
06/12/1980,15:46,"Valley, Nebraska",Swearingen 226TC Metro II
06/27/1980,20:59,"Tyrrhenian Sea,  off Ustica, Italy",McDonnell Douglas DC-9-15
07/07/1980,00:39,"Nar Alma-Ata, Kasakastan, USSR",Tupolev TU-154B
08/19/1980,19:08,"Near Riyadh, Saudi Arabia",Lockheed 1011-200 TriStar
01/20/1981,11:27,"Spokane, Washington",Beechcraft 99A
04/17/1981,16:01,"Loveland, Colorado",Hadley Page 137Jetstream I / Cessna 206
05/07/1981,10:53,"Rio de la Plata, Argentina",BAC One-Eleven 529FR
08/22/1981,10:00,"Near Sanyi, Miao-li, Taiwan",Boeing B-737-222
10/06/1981,17:12,"Moerdijk, Netherlands",Fokker F-28 Fellowship 4000
12/01/1981,08:53,"Mt. San Pietro, near Ajaccio, Corsica, France",McDonnell Douglas MD-81
01/13/1982,16:01,"Washington, D.C.",Boeing B-737-222
01/23/1982,19:36,"Logan Airport,  Boston, Massachusett",McDonnell Douglas DC-10-30CF
02/09/1982,08:47,"Tokyo, Japan",McDonnell Douglas DC-8-61
02/21/1982,15:33,"Providence, Rhode Island",de Havilland DHC -6-100
03/11/1982,13:26,"Mehamn, Norway",de Havilland Canada DHC-6 Twin Otter 300
06/24/1982,20:44,"Mount Galunggung, Indonesia",Boeing B-747
06/28/1982,10:50,"Southern Belarus, USSR",Yakovlev YAK-42
04/26/1982,16:45,"Near Yangshuo, Guangxi, China",Hawker Siddeley Trident 2E
06/08/1982,02:25,"Near Pacatuba, Brazil",Boeing B-727-212A
07/09/1982,16:09,"Kenner, Louisiana",Boeing B-727-235
09/13/1982,12:00,"Near Malaga, Spain",McDonnell Douglas DC-10-30CF
12/09/1982,13:27,"La Serena, Chile",Fairchild F-27J
01/11/1983,02:50,"Detroit, Michigan",McDonnell Douglas DC-8-54F37
04/07/1983,14:55,"Selawik, Alaska",Britten-Norman BN-2A-8 Islander
04/29/1983,15:10,"Guayaquil, Ecuador",Sud Aviation SE-210 Caravelle VIR
05/05/1983,09:15,"En route Miami, FL - Nassau, Bahamas",Lockheed L-1011
06/02/1983,19:20,"Cincinnati International Airport, Covington/Hebron, Kentucky",McDonnell Douglas DC-9-32
07/23/1983,19:30,"Gimli, Manitoba, Canada",Boeing B-767-233ER
09/01/1983,18:26,"Near Sakhalin Island, Russia",Boeing B-747-230B
09/23/1983,15:30,"Near Mina Jebel Ali, UAE",Boeing B-737-2P6
10/11/1983,20:53,"Pinckneyville, Illinois",Hawker Siddeley HS-748-FAA
11/27/1983,10:06,"Madrid-Barajas, Spain",Boeing B-747-283B
12/07/1983,09:40,"Near Madrid, Spain",Boeing B-727-200 / DC9-32
02/28/1984,16:16,"JFK Airport, New York, New York",McDonnell Douglas DC-10-30
08/24/1984,11:18,"San Luis Obispo, California",Beechcraft C99 / Rockwell 112TC
09/18/1984,11:04,"Quito, Ecuador",McDonnell Douglas DC-8F-55
10/11/1984,05:40,"Near Omsk, Russia",Tupolev TU-154B
12/06/1984,18:14,"Jacksonville, Florida",Embraer 110P1 Bandeirante
01/01/1985,20:30,"Near La Paz, Bolivia",Boeing B-727-225 Adv
01/21/1985,01:04,"Reno, Nevada",Lockheed L-188A Electra
02/04/1985,19:51,"Soldotna, Alaska",Beech Queen Air 65-A80
02/19/1985,09:27,"Near Durango, Vizcaya, Spain",Boeing B-727-256
02/19/1985,10:15,"300 nm NW of San Francisco, California",Boeing B-747-SP-09
05/31/1985,23:00,"Nashville, Tennessee",Grumman G-159 Gulfstream I
06/23/1985,07:15,"AtlantiOcean, 110 miles West of Ireland",Boeing B-747-237B
07/10/1985,23:45,"Near Uchuduk, Uzbekistan, USSR",Tupolev TU-154B-2
08/02/1985,18:06,"Ft. Worth-Dallas, Texas",Lockheed L-1011-1 TriStar
08/12/1985,18:56,"Mt. Osutaka, near Ueno Village, Japan",Boeing B-747-SR46
08/22/1985,06:13,"Manchester, England",Boeing B-737-236
08/25/1985,22:05,"Auburn, Maine",Beechcraft 99
09/06/1985,15:21,"Milwaukee, Wisconsin",McDonnell Douglas DC-9-14
09/23/1985,10:20,"Grottoes Grove, Virginia",Beechcraft B99
11/24/1985,20:15,"Luqa, Malta",Boeing B-737-266
12/12/1985,06:45,"Gander, Newfoundland, Canada",McDonnell Douglas DC-8 Super 63PF
03/13/1986,22:15,"Alpena, Michigan",Embraer 110P1 Bandeirante
03/31/1986,09:11,"Maravatio, Mexico",Boeing B-727-264
06/12/1986,15:22,"Port Ellen, Islay Island",de Havilland Canada DHC-6 Twin Otter 300
06/18/1986,09:33,"Grand Canyon, Arizona",de Havilland Can. DHC-6 -300/ Bell 206B
08/31/1986,11:52,"Cerritos, California",MD Douglas DC-9-32 / Piper PA-28-181
09/03/1986,15:45,"Tullamarine, VIC, Australia",Cessna 402
09/05/1986,06:00,"Karachi, Pakistan",Boeing B-747-121
10/04/1986,04:10,"San Antonio, Texas",Lockheed L-100-30 Hercules
10/22/1986,16:45,"Manhattan, New York",Enstrom F-28F
01/15/1987,12:52,"Salt Lake City, Utah",Swearingen SA-226TC / Mooney M-20C
03/04/1987,14:34,"Detroit, Michigan",CASA 212 Aviocar 200
04/04/1987,14:40,"Medan-Polonia, Indonesia",McDonnell Douglas DC-9-32
05/08/1987,06:50,"Mayaguez, Puerto Rico",CASA 212 Aviocar 200
05/09/1987,11:12,"Warsaw, Poland",Ilyushin IL-62M
01/18/1988,22:17,"Near Chungking, Sichuan, China",Ilyushin IL-18D
08/16/1987,20:46,"Romulus, Michigan",McDonnell Douglas MD-82
08/31/1987,15:36,"Off Ko Phuket, Thiland",Boeing B-737-2P5
11/15/1987,14:15,"Denver, Colorado",McDonnell Douglas DC-9-14
11/23/1987,18:25,"Homer, Alaska",Beechcraft 1900C
01/19/1988,19:20,"Bayfield, Colorado",Swearingen SA.227AC Metro
11/28/1987,04:00,"Off Mauritius, Indian Ocean",Boeing B-747-244B
11/29/1987,11:30,Over the Andaman Sea,Boeing B-707-3B5C
12/07/1987,16:16,"San Luis Obispo, California",British Aerospace BAe-146-200A
01/02/1988,19:20,"Izmir, Turkey",Boeing B-737-230A
02/08/1988,07:58,"Near Mulheim, Germany",Swearingen SA.227AC Metro III
02/19/1988,21:27,"Cary, North Carolina",Swearingen SA227-AC
03/01/1988,17:28,"Near Johannesburg, South Africa",Embraer 110P1 Bandeirante
03/04/1988,06:37,"Near Fontainebleau, France",Fairchild FH-227B
03/17/1988,13:17,"Near Cucuta, N of  Santander, Colombia",Boeing B-727-21
04/28/1988,13:46,"Maui, Hawaii",Boeing B-737-297
06/26/1988,14:45,"Habsheim, France",Airbus A320-111
07/03/1988,10:55,"Over the Persian Gulf, near Bandar Abbas, Iran",Airbus A300B2-203
08/31/1988,09:19,"Kowloon Bay, Hong Kong",Hawker Siddeley HS-121 Trident 2E
08/31/1988,09:01,"Dallas, Texas",Boeing B-727-232 Adv
09/09/1988,11:38,"Bangkok, Thailand",Tupolev TU-134A
09/15/1988,13:05,"Bahar Dar, Ethiopia",Boeing B-737-230
10/17/1988,00:30,"Rome, Italy",Boeing B-707-338C
10/19/1988,07:00,"Near Ahmedabad, India",Boeing B-737-2A8
12/21/1988,19:03,"Lockerbie, Scotland",Boeing B-747-121A
01/08/1989,20:25,"Leicestershire, England",Boeing B-737-4Y0
02/06/1989,18:25,"Marseille, France",Vickers 952F Vanguard
02/08/1989,14:08,"Santa Maria, Azores, Portugal",Boeing B-707-331B
02/24/1989,02:09,"Honolulu, Hawaii",Boeing B-747-122
03/10/1989,12:09,"Dryden, Ontario, Canada",Fokker F-28 Fellowship 1000
04/10/1989,21:07,"Col de Tourniol, France",Fairchild FH-227B
06/07/1989,04:27,"Near Paramaribo, Surinam",McDonnell Douglas DC-8 Super 62
06/11/1989,13:30,"Waipio Valley, Hawaii",Beechcraft H18
07/19/1989,16:00,"Sioux City, Iowa",McDonnell Douglas DC-10-10
07/27/1989,07:00,"Tripoli, Libya",McDonnell Douglas DC-10-30
07/31/1989,22:00,"Auckland, New Zealand",Convair CV-580
09/03/1989,20:45,"Near Sao Jose do Xingu, Brazil",Boeing B-737-241
09/08/1989,16:36,"Skagerrak, Denmark",Convair CV-580
09/19/1989,14:00,"Near Bilma, Niger",McDonnell Douglas DC-10-30
09/20/1989,23:21,"La Guardia Airport, New York, New York",Boeing B-737-401
09/27/1989,09:53,"Grand Canyon National Park Airport, Tusayan, Arizona",de Havilland Canada DHC-6 Twin Otter 300
10/21/1989,07:53,"Near Tegucigalpa, Honduras",Boeing B-727-224
10/26/1989,18:55,"Hualein, China",Boeing B-737-209
10/28/1989,18:37,"Halawa Point, Molokai, Hawaii",de Havilland DHC-6 Twin Otter 300
11/27/1989,07:16,"Bogota, Colombia",Boeing B-727-21
12/26/1989,22:30,"Pasco, Washington",British Aerospace 3101 Jetstream 31
01/15/1990,08:30,"Pico Blanco, Costa Rica",CASA 212 Aviocar 200
01/17/1990,07:19,"Near Leadville, Colorado",Cessna 208A Caravan I Cargomaster
01/23/1990,07:35,"Near Caracas, Venezuela",CASA 212-200 Aviocar
01/25/1990,21:34,"Cove Neck, New York",Boeing B-707-321B
02/14/1990,13:03,"Near Bangalore, India",Airbus A320-231
04/12/1990,14:44,"Off Vaeroy, Norway",de Havilland Canada DHC-6 Twin Otter 300
05/18/1990,06:25,"Manila, Philippines",Beechcraft 1900C-1
06/10/1990,07:33,"Oxfordshire, England",BAC One-Eleven 528FL
08/27/1990,01:00,"Elkhorn, Wisconsin",Bell BHT-206-B Helicopter
10/02/1990,09:15,"Guangzhou, China",Boeing B-737-247 / Boeing B-757-21B
10/24/1990,01:58,"Santiago de Cuba, Cuba",Yakovlev YAK-40
11/14/1990,19:11,"Stadelberg, Switzerland",McDonnell Douglas DC-9-32
02/17/1991,00:20,"Cleveland, Ohio",McDonnell Douglas DC-9-15RC
11/21/1990,11:15,"Koh Samui, Thailand",de Havilland Canada DHC-8-103
12/03/1990,13:45,"Romulus, Michigan",Boeing B-727-251 / MD Douglas DC-9-14
02/01/1991,18:07,"LAX, Los Angeles, California",Boeing B-737-300 / Swearingen SA-227AC
03/03/1991,09:44,"Near Colorado Springs, Colorado",Boeing B-737-291
03/05/1991,16:15,"La Puerta, Venezuela",McDonnell Douglas DC-9-32
04/05/1991,14:51,"Brunswick, Georgia",Embraer 120RT- Brasilia
05/26/1991,23:17,"Near Ban Nong Rong, Thailand",Boeing B-767-3Z9ER
06/01/1991,10:16,"Off Matthewtown, Great Inagua",GAF Nomad N24A
07/10/1991,18:12,"Birmingham, Alabama",Beechcraft BE-99-C99
07/11/1991,08:40,"Jeddah, Saudi Arabia",McDonnell Douglas DC-8 Super 61
08/16/1991,01:55,"Imphal, India",Boeing B-737-2A8
09/11/1991,10:03,"Near Eagle Lake, Texas",Embraer 120RT Brasilia
12/27/1991,08:51,"Stockholm, Sweden",MDonnell Douglas MD-81
12/29/1991,15:05,"Wanli, Taiwan",Boeing B-747-2R7F
01/03/1992,05:46,"Gabriels, New York",Beechcraft 1900C
01/20/1992,19:20,"Mt. Saint-Odile, near Strasbourg, France",Airbus A320-111
02/15/1992,03:26,"Toledo, Ohio",McDonnell Douglas DC-8-63F
03/22/1992,21:35,"La Guardia Airport, New York, New York",Fokker F-28 Fellowship 4000
04/22/1992,15:53,"Mt. Haleakala, Hawaii",Beechcraft E18S
06/08/1992,08:52,"Anniston, Alabama",Beechcraft C99
09/28/1992,14:30,"Near  Kathmandu, Nepal",Airbus A300B4-203
07/30/1992,17:41,"JFK Airport, New York, New York",Lockheed L-1011
07/31/1992,12:45,"Near Kathmandu, Nepal",Airbus A310-304
07/31/1992,15:12,"Nanjing, Jiangsu, China",Yakovlev YAK-42D
08/27/1992,22:44,"Near Ivanovo, Russia",Tupolev TU-134A
10/04/1992,17:35,"Amsterdam, Netherlands",Boeing B-747-258F
11/14/1992,07:10,"Near Nha Trang, Vietnam",Yakovlev YAK-40
11/24/1992,07:52,"Near Liutang, Guangxi, China",Boeing B-737-3Y0
12/21/1992,07:53,"Faro, Algarve, Portugal",McDonnell Douglas DC-10-30CF
12/22/1992,10:00,"Tripoli, Libya",Boeing B-727-2L5 / MiG23UB
01/06/1993,19:20,"Paris, France",de Havilland Canada DHC-8-301
03/05/1993,11:12,"Skopje, Macedonia",Fokker 100
04/06/1993,01:10,"950 nm S of  Shemya, Alaska",McDonnell Douglas MD-11
04/19/1993,15:52,"Zwingle, Iowa",Mitsubishi MU-2B-60
04/26/1993,13:00,"Aurangabad, India",Boeing B-737-2A8
05/19/1993,15:04,"Near Medellin, Colombia",Boeing B-727-46
07/23/1993,15:40,"Yinchuan, China",British Aerospace 146-300
07/26/1993,15:48,"Haenam, South Korea",Boeing B-737-5L9
08/18/1993,16:56,"Leeward Point Airfield, Guantanamo Bay, Cuba",McDonnell Douglas DC-8-61
09/14/1993,15:33,"Warsaw, Poland",Airbus A320-211
10/26/1993,13:04,"Fuzhou, China",McDonnell Douglas MD-82
11/10/1993,18:05,"Sandy Lake, Canada",Hawker Siddeley HS-748-234 Srs. 2A
11/13/1993,14:55,"Urumqi, China",McDonnell Douglas MD-82
11/20/1993,23:30,"Near Ohrid, Macedonia",Yakovlev YAK-42D
12/01/1993,19:50,"Hibbing, Minnesota",British Aerospace Jetstream BA-3100
01/03/1994,12:07,"Near Irrupts, Siberia, Russia",Tupolev TU-154M
01/07/1994,23:21,"Columbus, Ohio",British Aerospace Jetstream 4101
02/25/1994,19:46,"East Midlands, England",Vickers 813 Viscount
03/02/1994,17:59,"New York, New York",McDonnell Douglas MD-82
03/17/1994,22:30,Near Nag,Lockheed Hercules C-130
03/23/1994,00:57,"Near Mezhdurechensk, Russia",Airbus A310-304
04/04/1994,14:46,"Amsterdam, Netherlands",Saab 340B
04/26/1994,20:16,"Near Komaki, Aichi, Japan",Airbus A300B4-622R
06/06/1994,08:20,"Near Xi'an, China",Tupolev TU-154M
06/26/1994,19:35,"Abidjan, Ivory Coast",Fokker F-27 Friendship 400M
06/30/1994,17:41,"Toulouse-Blagnac, France",Airbus A330-321
07/02/1994,18:43,"Charlotte, North Carolina",McDonnell Douglas DC-9-30
08/10/1994,11:22,"Cheju, South Korea",Airbus A300B4-622R
09/08/1994,19:03,"Near Aliquippa, Pennsylvania",Boeing B-737-3B7
10/12/1994,22:50,"Krakas Mountains, near Natanz , Iran",Fokker F-28 Fellowship 1000
10/31/1994,15:59,"Roselawn, Indiana",ATR-72-212
12/10/1994,11:30,PacifiOcean,Boeing B-747-200
12/13/1994,18:34,"Morrisville, North Carolina",British Aerospace Jetstream 3201
12/21/1994,09:53,"Coventry, England",Boeing 737-2D6C
12/26/1994,17:00,"Algiers Airport, Algeria",Airbus A300B2-1C
12/29/1994,15:30,"Near Van, Turkey",Boeing B-737-4Y0
01/11/1995,19:38,"Cartagena, Colombia",McDonnell Douglas DC-9-14
01/17/1995,13:59,"Kathmandu, Nepal",de Havilland Canada DHC-6 Twin Otter 300
02/13/1995,15:36,"Near Tusayan, Arizona",Piper PA-31-350 Navajo
03/31/1995,09:11,"Near Balotesti, Romania",Airbus A310-324
05/01/1995,13:28,"Sioux Falls, Ontario, Canada",Swear. SA-227CC Metro 23/Piper Navajo
05/24/1995,16:51,"Near Leeds, England",Embraer 110 P1 Bandeirante
06/08/1995,19:08,"Atlanta, Georgia",McDonnell Douglas DC-9-32
06/09/1995,09:22,"Near Palmerston North, New Zealand",de Havilland Canada DHC-8-102
08/09/1995,20:14,"Mt. Chichontepec, San Vincente, El Salvador",Boeing B-737-2H6
08/21/1995,12:53,"Near Carrollton, GA",Embraer 120-RT Brasilia
09/15/1995,12:22,"Tawau,  Malaysia",Fokker 50
09/22/1995,07:45,"Anchorage, Alaska",Boeing B-707 (E-3B)
09/27/1995,19:10,"Campbell River, British Columbia, Canada",De Havilland Dash-3
10/03/1995,08:00,"Gunung Antara, Indonesia",CASA 212
11/13/1995,08:55,"Kaduna, Nigeria",Boeing B-737-2F9
12/03/1995,22:44,"Near Douala, Cameroon",Boeing B-737-2K9
12/07/1995,05:20,"Near Grossevichi, Russia",Tupolev TU-154B
12/13/1995,19:00,"Verona  - Villafranca, Italy",Antonov AN-24B
12/20/1995,21:38,"Near Buga, Valle del Cauca, Colombia",Boeing B-757-223
02/06/1996,23:47,"Off Puerto Plata, Domincan Republic",Boeing B-757-225
02/29/1996,20:25,"Arequipa, Peru",Boeing B-737-222
04/03/1996,14:52,"Near Dubrovnik, Croatia",Boeing B-737-T43
05/11/1996,14:15,"Everglades, Miami, Florida",McDonnell Douglas DC-9-32
06/13/1996,12:07,"Fukuoka, Japan",McDonnell Douglas DC-10-30
07/06/1996,15:42,"Pensacola, Florida",McDonnell Douglas MD-88
07/17/1996,20:31,"Off East Moriches, New York",Boeing B-747-131
07/20/1996,15:15,"Russian Mission, Alaska",Douglas DC-6A
08/12/1996,13:47,"Markham Bay, Canada",de Havilland Canada DHC-6 Twin Otter 300
08/29/1996,10:22,"Spitsbergen, Norway",Tupolev TU-154M
10/02/1996,01:16,"Off Pasamayo, Peru",Boeing B-757-200
10/08/1996,10:50,"San Francesco al Campo, Italy",Antonov An-124
10/20/1996,12:12,"Eel River Crossing, New Brunswick, Canada",Piper PA-31-350 Navajo Chieftain
10/31/1996,08:27,"Sao Paolo, Brazil",Fokker 100
11/07/1996,17:00,"Lagos, Nigeria",Boeing B-727-231
11/12/1996,18:40,"Near Charkhidadri, India",Boeing B-747-168B / Ilyushin IL-76TD
11/19/1996,17:01,"Quincy, Illinois",Beechcraft 1900-C / Beech King Air A90
11/23/1996,15:15,"Off Moroni, Comoros",Boeing B-767-200ER
11/30/1996,10:33,"Medellin, Colombia",de Havilland Canada DHC-6 Twin Otter 300
12/22/1996,18:10,"Narrows, Virginia",McDonnell Douglas DC-8-63F
01/07/1997,11:00,"Near Moamoa, Samoa",de Havilland Canada DHC-6 Twin Otter 300
01/09/1997,15:54,"Near Monroe, Michigan",Embraer 120RT Brasilia
02/14/1997,12:34,"Carajas, Brazil",Boeing B-737-2C3
03/18/1997,10:04,"Cherkessk, Russia",Antonov AN-24RV
04/10/1997,20:30,"Near Wainwright, Alaska",Cessna 208B Caravan I
04/19/1997,07:39,"Tanjung Pandan, Indonesia",British Aerospace ATP
05/08/1997,21:28,"Huangtian, China",Boeing B-737-31B
07/09/1997,09:30,"Suzano, Brazil",Fokker 100
07/11/1997,21:55,"Off Santiago de Cuba, Cuba",Antonov AN-24
07/17/1997,11:56,"Bandung, Indonesia",Fokker F-27 Friendship 600
07/30/1997,10:30,"Florence, Italy",Aerospatiale ATR-42-512
08/06/1997,01:42,"Agana, Guam",Boeing B-747-300
08/07/1997,12:36,"Miami, Florida",McDonnell Douglas DC-8-61F
08/10/1997,08:15,"Matsu Island, Taiwan",Dornier DO-228-212
09/03/1997,14:00,"Phnom Penh, Cambodia",Tupolev TU-134
09/06/1997,19:44,"Near Miri, Malaysia",Dornier 228-212
09/26/1997,13:34,"Buah Nabar, Indonesia",Airbus A300-B4-200
10/08/1997,07:23,"Near Montrose, Colorado",Cessna 208B Caravan I
10/10/1997,22:23,"Nuevo Berlin, Uruguay",McDonnell Douglas DC-9-32
11/08/1997,08:08,"Near Barrow, Alaska",Cessna 208B Caravan I
12/09/1997,15:26,"Little Grand Rapids, Canada",Embraer 110P1 Bandeirante
12/16/1997,18:35,"Sharjah, United Arab Emirates",Tupolev TU-154
12/17/1997,21:13,"Fotina, Greece",Yakovlev YAK-42
12/19/1997,16:13,"Near Palembang, Indonesia",Boeing B-737-300
12/28/1997,23:10,Over the PacifiOcean,Boeing B-747-122
01/27/1998,11:45,"Yangon (Rangoon), Myanmar",Fokker F-27 Friendship 600
02/02/1998,11:00,"Pagalungan, Philippines",McDonnell Douglas DC-9-32
02/16/1998,20:09,"Taipei, Taiwan",Airbus A300-622R
03/05/1998,05:20,"Near Clarksville, Tennesee",Cessna 208B Caravan I Super Cargomaster
03/18/1998,19:31,"Off Hsinchu, Taiwan",Saab340B
03/22/1998,19:42,"Bacolod, Philippines",Airbus A.320-214
03/28/1998,09:35,"Piura, Peru",Antonov AN-32
04/20/1998,16:47,"Near Bogota, Colombia",Boeing B-727-230
06/18/1998,07:28,"Montreal, Canada",Swearingen SA-226TC Metroliner II
07/30/1998,11:05,"Kochi, India",Dornier 228-201
02/25/1999,12:30,"Genoa, Italy",Dornier 328-110
07/30/1998,15:58,"Near Quiberon, France",Beechcraft 1900D / Cessna 177
08/04/1998,17:58,"Kincolith, British Columbia, Canada",de Havilland Dash-2 Beaver
08/24/1998,08:35,"Manibagi, Myanmar",Fokker F-27 Friendship 600
08/29/1998,13:03,"Quito, Ecuador",Tupolev TU-154M
09/02/1998,21:30,"Off Peggy's Cove, Nova Scotia, Canada",McDonnell Douglas MD-11
09/25/1998,09:00,"Near Nador, Morroco",British Aerospace BAe-146-100
09/29/1998,13:50,"Off Mannar, Sri Lanka",Antonov AN-24RV
11/23/1998,00:30,"Victoria, British Columbia",Cessna 208B Caravan I Super Cargomaster
12/11/1998,19:10,"Near Surat Thani, Thailand",Airbus A-310-204
12/26/1998,12:00,"Vila Nova, Angola",Lockheed Martin L-100-30 Hercules
02/24/1999,16:34,"Rui'an, China",Tupolev TU-154
03/19/1999,09:45,"Davis Inlet, Newfoundland, Canada",de Havilland Canada DHC-6 Twin Otter 300
04/07/1999,00:33,"Near Ceyhan, Turkey",Boeing 737-4Q8
04/15/1999,16:05,"Shanghi, China",McDonnell Douglas MD-11
06/01/1999,23:50,"Little Rock, Arkansas",McDonnell Douglas MD-82
06/30/1999,02:42,"Seraing, Belgium",Beechcraft 99
07/07/1999,19:51,"Near Kathmandu, Nepal",Boeing 727-243F
07/16/1999,21:41,"Off Martha's Vineyard, Massachusetts",Piper PA-32-R301 Saratoga II HP
07/20/1999,11:00,"Near Bluefields, Nicaragua",Cessna 208B Grand Caravan
07/24/1999,05:35,"Nasevou Village, Fiji",Embraer 110P1 Bandeirante
07/31/1999,08:30,"Marine City, Michigan",Beech King Air 65-A90
08/07/1999,12:00,"Santo Antao, Cape Verde Islands",Dornier 228-201
08/12/1999,23:58,"Sept-Îles, Canada",Beechcraft 1900D
08/24/1999,12:36,"Hualian, Taiwan",McDonnell Douglas MD-90-30
08/31/1999,20:55,"Buenos Aires, Argentina",Boeing B-737-204C
09/03/1999,12:50,"Glasgow, Scotland",Cessna 404 Titan Ambassador
09/05/1999,10:30,"Near Kathmandu, Nepal",Hawker Siddeley HS-748-501 Super 2B
09/25/1999,17:25,"Mt. Mauna Loa, Hawaii",Piper PA-31-350 Navajo Chieftain
10/31/1999,06:52,"Off Nantucket Island, Massachusetts",Boeing B-767-366ER
11/09/1999,19:03,"Near Uruapan, Mexico",McDonnell Douglas DC-9-31
11/12/1999,11:13,"Near Pristina, Kosovo",Aerospatiale Alenia ATR-42
12/06/1999,07:06,"Johannesburg, South Africa",Piper PA-31-350
12/09/1999,12:04,"Near Sundsvall, Sweden",Piper PA-31-350
12/11/1999,09:20,"Sao Jorge, Azores (Portugal)",British Aerospace APT
12/21/1999,09:40,"Guatemala City, Guatemala",McDonnell Douglas DC-10-30
12/22/1999,18:38,"Great Hallingbury, United Kingdom",Boeing 747-2B5F
12/25/1999,20:15,"Bejuma, Venezuela",Yakovlev YAK-42D
01/10/2000,17:54,"Niederhasli, Switzerland",Saab 340B
01/30/2000,21:08,"Off Abidjan, Ivory Coast",AirbusA310-304
01/31/2000,16:21,"Off Point Mugu, California",McDonnell Douglas MD-83
02/16/2000,19:50,"Sacramento, California",McDonnell Douglas DC-8-71F
03/05/2000,18:11,"Burbank, Calilfornia",Boeing B-737-3T5
04/19/2000,07:02,"Samal Island, Philippines",Boeing B-737-2H4
05/21/2000,11:28,"Near Wilkes-Barre, Pennsylvania",BAe Jetstream 3101-31
05/25/2000,02:50,"Paris, France",Shorts 330-200
05/31/2000,19:05,"Off Whyalla, Australia",Piper PA-31-350 Navajo
06/05/2000,11:35,"Accra, Ghana",Fokker F-27 Friendship 600
06/14/2000,09:50,"Liverpool, England",Piper PA-31-350 Navajo
06/22/2000,15:16,"Shitai, China",Xian Yunshuji Y-7-100C
07/08/2000,19:50,"Near Villahermosa, Mexico",British Aerospace  BAe Jetstream 32EP
07/17/2000,07:34,"Patna, India",Boeing B-737-2A8 Advanced
07/19/2000,00:30,"Linneus, Maine",Grumman G-159 Gulfstream I
07/25/2000,16:44,"Gonesse, France",Aerospatiale BAe Concorde 101
08/06/2000,15:55,"Puerto Montt, Chile",Casa 212-AB10 Aviocar
08/23/2000,19:30,"Off Manama, Bahrain",Airbus A320-212
08/25/2000,17:30,"Hilo Bay, Hawaii",Piper PA-31-350 Navajo Chieftain
08/26/2000,12:10,"Near La Fortuna, Costa Rica",Cessna 208B Grand Caravan I
09/18/2000,15:10,"Nuiqsut, Alaska",Piper PA-31-350 Navajo
10/06/2000,16:55,"Reynosa, Mexico",McDonnell Douglas DC-9-31
10/09/2000,09:50,"Lummi Island, Washington",Cessna 208B Caravan I Super Cargomaster
10/19/2000,12:12,"Near Sam Neua, Laos",Harbin Yunshuji Y-12-II
10/31/2000,23:17,"Taipei, Taiwan",Boeing B-747-412
01/25/2001,18:15,"Ciudad Bolivar, Venezuela",Douglas DC-3C (C47A-DL)
02/27/2001,17:30,"Near Granton Harbour, Scotland",Shorts 360-100
03/03/2001,14:48,"Bangkok, Thailand",Boeing B-737-4D7
03/24/2001,16:30,"Gustavia, St. Barthélémy, French West Indies",de Havilland Canada DHC-6 Twin Otter
03/29/2001,19:01,"Near Aspen, Colorado",Grummand Gulfstream III
07/04/2001,02:08,"Near Irkutsk, Russia",Tupolev TU-154M
08/24/2001,18:46,"Terceira, Azores",Airbus A-330-243
08/25/2001,18:45,"Marsh Harbour, Bahamas",Cessna 402B
08/29/2001,10:15,"Near Malaga, Spain",CASA  CN-235-200
09/11/2001,10:03,"Shanksville, Pennsylvania",Boeing B-757-222
09/11/2001,09:45,"Arlington, Virginia.",Boeing B-757-223
09/11/2001,08:47,"New York City, New York",Boeing 767-223ER
09/11/2001,09:03,"New York City, New York",Boeing B-767-222
09/12/2001,16:25,"Near Chichen Itza, Mexico",LET 410UVP
09/18/2001,07:30,"Guatemala City, Guatemala",LET 410UVP-E
10/04/2001,13:44,"110 miles SW of Sochi, Russia",Tupolev Tu-154M
10/08/2001,08:10,"Milan, Italy",MD-87 / Cessna 525A Citation II
10/10/2001,09:26,"Dillingham, Alaska",Cessna 208 Caravan
10/10/2001,10:42,"Off Valencia, Spain",Swearingen SA-226AT Merlin IV
11/12/2001,09:16,"Belle Harbor, Queens, New York",Airbus A-300-605R
11/19/2001,21:19,"Kalyazin, Russia",Ilyushin 18V
11/24/2001,22:07,"Birchwil, Switzerland",BAE Avro RJ100
11/28/2001,11:48,"San Jerónimo de Moravia , Costa Rica",Cessna 208B Grand Caravan
12/01/2001,12:54,"Near Novaya Inya , Russia",Ilyushin IL- 76TD
12/10/2001,18:21,"Sierra Blanca, Texas",Learjet 24D
01/14/2002,07:28,"Bilbao, Spain",Embraer EMB-120 Brasilia
01/16/2002,16:29,"Near Solo, Indonesia",Boeing B-737-3Q8
01/19/2002,c: 9:40,"Near Milford Sound, New Zealand",Cessna 207 Skywagon
01/28/2002,11:00,"Near Ipiales, Colombia",Boeing B-727-134
02/12/2002,07:50,"Near Khorramabed, Iran",Tupolev TU-154
02/21/2002,20:44,"Lakhta, Russia",Antonov AN-26
02/22/2002,02:30,"Off Dumaguete, Philippines",MH-47 Chinook helicopter
03/09/2002,13:40,"Monte Rotondo, Italy",Antonov 2TP
04/12/2002,04:07,"Palma de Mallorca, Spain",Swearingen SA.227AC Metro III
04/15/2002,11:23,"Busan, South Korea",Boeing B-767-200ER
05/04/2002,13:30,"Kano, Nigeria",BAC One-Eleven 525FT
05/07/2002,15:17,"Near Tunis, Tunisia",Boeing B-737-566
05/07/2002,21:32,"Off Dalian, China",McDonnell Douglas MD-82
05/25/2002,15:29,"Off Penghu Island, Taiwan",Boeing B-747-209B
07/01/2002,23:36,"Uberlingen, Germany",Tupolev TU-154M / Boeing B-757-23APF
07/16/2002,19:45,"Off Cromer, Norfork, England",Sikorsky S-76A
08/07/2002,22:00,"Caguas, Puerto Rico",Lockheed MC-130H Hercules
10/23/2002,19:45,"Spanish Fort, Alabama",Cessna 208B Cargomaster I
10/25/2002,10:22,"Eveleth, Minnesota",Beechcraft King Air A100
11/06/2002,10:10,"Near Niederanven, Luxembourg",Fokker 50
11/11/2002,06:09,"Manila, Philippines",Fokker F27 Friendship 100
11/28/2002,14:15,"Masai Mara Game Reserve, Kenya",Let 410UVP-E20
12/17/2002,22:51,"Rockford, Illinois",Cessna 208B Caravan I Super Cargomaster
12/23/2002,19:30,"Near Isfanan, Iran",Antonov AN-140
01/08/2003,20:28,"Diyarbakir, Turkey",BAe Avro RJ-100
01/08/2003,08:53,"Charlotte, North Carolina",Beech BE-1900D
01/09/2003,08:43,"Near Chachapoyas, Peru",Fokker 28 Fellowship 1000
02/10/2003,19:42,"Tallinn, Estonia",Antonov AN-28
02/20/2003,08:52,"Near Kohat, Pakistan",Fokker F-27 Friendship 200
03/01/2003,14:25,"Near Barki, Russia",Let L-410UVP
03/06/2003,15:45,"Tamanrasset, Algeria",Boeing B-737-2T4
03/28/2003,15:49,"New Vienna, Iowa",Beech A36
05/26/2003,04:45,"Near Macka, Turkey",Yakovlev 42D
06/06/2003,19:15,"Christchurch, New Zealand",Piper PA-31-350 Navajo Chieftain
06/22/2003,23:55,"Near Brest, France",Canadair CRJ-100ER
07/08/2003,04:00,"Port Sudan, Sudan",Boeing 737-2J8C
07/19/2003,18:00,"Mount Kenya, Kenya",Swearingen SA-226T Metro II
08/24/2003,14:00,"Cap Haitien, Haiti",Let 420UVP-E
09/11/2003,20:30,"Near Summer Beaver, Canada",Cessna 208B Grand Caravan
09/19/2003,17:10,"Del Rio, Texas",Learjet 25B
10/03/2003,21:25,"Off Waikanae, New Zealand",Convair CV-580F
10/29/2003,08:51,"Cody, Wyoming",Cessna 208B Caravan I Super Cargomaster
11/29/2003,08:01,"Spokane, Washington",Swearingen SA227AT Merlin IVC
12/25/2003,14:55,"Cotonou, Benin",Boeing B-727-223
01/03/2004,04:44,"Off Sharm el Sheikh, Egypt",Boeing B-737-3Q8
01/13/2004,19:40,"Tashkent, Uzbekistan",Yakovlev YAK-40
01/17/2004,16:40,"Lake Erie, off Pelee Island, Ontario, Canada",Cessna 208B Grand Caravan
02/10/2004,11:40,"Sharjah, United Arab Emirates",Fokker F-50
05/14/2004,18:30,"Near Manaus, Brazil",Embraer 120ER Brasilia
05/25/2004,13:56,"Near Lukla, Nepal",de Havilland DHC-6 Twin Otter 300
06/08/2004,09:38,"Off Libreville, Gabon",BAe HS-748-232 Srs 2A
08/13/2004,00:50,"Cincinnati, Ohio",Convair CV-580
08/17/2004,23:40,"Great Falls, Montana",Beechcraft 99
08/24/2004,22:59,"Near Rostov-on-Don, Russia",Tupolev 154B-2
08/24/2004,22:56,"Near Toula, Russia",Tupolev 134A-3
11/27/2004,11:20,"Near Bagram, Afghanstan",CASA 212-CC
10/14/2004,22:15,"Jefferson City, Missouri",Canadair CRJ200LR RegionalJet
10/14/2004,03:56,"Halifax, Nova Scotia, Canada",Boeing 747-244B-SF
10/19/2004,07:45,"Near Kirksville, Missouri",Bae Jetstream 3201
11/18/2004,13:02,"Caracas, Venezuela",BAe 3101 Jetstream 31
11/28/2004,09:55,"Montrose, Colorado",Canadair CL-601-2A12 Challenger
11/30/2004,18:14,"Solo, Indonesia",McDonnell-Douglas MD-82
02/03/2005,17:00,"Near Peshawar, Pakistan",Boeing B-737-200
02/10/2005,20:30,"Lebec, California",Cessna P210N
06/02/2005,11:15,"Khartoom, Sudan",Antonov AN-24B
08/02/2005,16:04,"Toronto, Canada",Airbus A-340
08/06/2005,15:40,"Off Palermo, Italy",ATR-72-202
08/14/2005,12:20,"Near Grammatikos, Greece",Boeing 737-31S
08/23/2005,15:06,"Near Pucallpa, Peru",Boeing B-737-244
09/05/2005,09:40,"Medan, Indonesia",Boeing 737-230
10/06/2005,05:40,"Winnipeg, Canada",Cessna 208B
10/22/2005,20:40,"Lisa, Nigeria",Boeing B-737-2L9
12/08/2005,19:15,"Chicago, Illinois",Boeing B-737-7H4
12/10/2005,14:08,"Near Port Harcourt, Nigeria",McDonnell DC-9-32
12/19/2005,14:40,"Off Miami Beach, Florida",Grumman G73T Turbo Mallard
12/23/2005,22:27,"Nardaran, Azerbaijan",Antonov AN-140-100
03/31/2006,17:35,"Rio Bonito, Brazil",Let L410UVP-E20
05/03/2006,02:15,"Off Sochi, Russia",Airbus A320-211
07/09/2006,07:44,"Irkutsk, Russia",Airbus A-310-324ET
07/10/2006,12:05,"Multan, Pakistan",Fokker F-27 Friendship 200
08/04/2006,09:30,"Near Pownal, Vermont",Embraer 110 Bandeirante
08/13/2006,20:15,"Near Piacenza, Italy",Lockheed L-100-30 Hercules
08/22/2006,15:30,"Near Donetsk, Ukraine",Tupolev Tu-154M
08/27/2006,06:07,"Lexington, Kentucky",Canadair CRJ-200ER
09/29/2006,15:59,"Near Sao Felix do Araguaia , Brazil",Boeing B-737-8EH /EMB-135JB
10/10/2006,07:35,"Stord, Norway",BAe 146-200
10/29/2006,11:30,"Near Abuja, Nigeria",Boeing 737-2B7
01/01/2007,14:07,"Off Parepare, Indonesia",Boeing B-737-4Q8
01/25/2007,11:15,"Pau, France",Fokker 100
03/07/2007,07:14,"Yogyakarta, Indonesia",Boeing B-737-497
03/17/2007,11:40,"Samara, Russia",Tupelov 134AK
06/25/2007,10:40,"Near Sihanoukville, Cambodia",Antonov AN-24V
07/17/2007,18:52,"Sao Paulo, Brazil",Airbus A-320-233
07/29/2007,04:22,"Moscow, Russia",Antonov AN-12BP
08/09/2007,12:00,"Off Moorea, French Polynesia",de Havilland Canada DHC-6 Twin Otter 300
09/16/2007,15:35,"Phuket, Thailand",McDonnell Douglas MD-82
11/30/2007,01:36,"Near Isparta, Turkey",McDonnell Douglas MD-83
02/21/2008,17:00,"Merida, Venezuela",ATR-42-300
05/23/2008,01:25,"Billings, Montana",Beechcraft 1900C
05/30/2008,09:40,"Tegucigalpa, Honduras",Airbus A-320-233
06/10/2008,20:45,"Khartoum, Sudan",Airbus A-310-324
07/06/2008,02:15,"Saltillo, Mexico",Douglas DC9-15F
07/31/2008,09:53,"Owatonna, Minnesota",British Aerospace BAe-125-800A
08/20/2008,14:45,"Madrid, Spain",McDonnell Douglas MD-82
08/24/2008,20:30,"Bishkek, Kyrgyzstan",Boeing B-737-219
09/14/2008,03:15,"Perm, Russia",Boeing B-737-505
01/15/2009,15:06,"New York, New York",Airbus A320-214
02/12/2009,22:17,"Clarence Center, New York",Bombardier DHC-8-402 Q400
02/25/2009,10:31,"Amsterdam, Netherlands",Boeing 737-8F2
03/23/2009,06:48,"Tokyo, Japan",McDonnell Douglas MD-11
04/17/2009,10:30,"Mount Gergaji, Indonesia",Pilatus PC-6
06/01/2009,00:15,"AtlantiOcean, 570 miles northeast of Natal, Brazil",Airbus A330-203
